competitor,source_list,source_item,source_page,location,reference_name,category,classification_confidence,agrix_potential,note,evidence_status
INFOSYS,Infosys referentna lista — agro i prehrambene firme,4,1,Arilje,FRUCOM FOOD d.o.o. Arilje,"Voće, povrće i hladnjače",Jasno iz naziva,Visok,Eksplicitna agro/prehrambena odrednica u nazivu ili prepoznatljiv sektor.,user_provided_reference_list_classified_by_name
INFOSYS,Infosys referentna lista — agro i prehrambene firme,8,1,Arilje,MLEKARA MORAVICA DOO ARILJE,Mlekarstvo,Jasno iz naziva,Visok,Eksplicitna agro/prehrambena odrednica u nazivu ili prepoznatljiv sektor.,user_provided_reference_list_classified_by_name
INFOSYS,Infosys referentna lista — agro i prehrambene firme,9,1,Arilje,MORAVICA DOO,Mlekarstvo,Potrebna provera,Visok,"Naziv ili lokacija ukazuju na moguću agro/prehrambenu delatnost, ali lista ne navodi šifru delatnosti.",user_provided_reference_list_classified_by_name
INFOSYS,Infosys referentna lista — agro i prehrambene firme,10,1,Arilje,PARAMUN DOO,"Voće, povrće i hladnjače",Potrebna provera,Visok,"Naziv ili lokacija ukazuju na moguću agro/prehrambenu delatnost, ali lista ne navodi šifru delatnosti.",user_provided_reference_list_classified_by_name
INFOSYS,Infosys referentna lista — agro i prehrambene firme,11,1,Arilje,POLJOPRIVREDNA APOTEKA AGROMIX ARILJE,Agro-inputi i mehanizacija,Jasno iz naziva,Nizak,Eksplicitna agro/prehrambena odrednica u nazivu ili prepoznatljiv sektor.,user_provided_reference_list_classified_by_name
INFOSYS,Infosys referentna lista — agro i prehrambene firme,12,1,Arilje,Pionir doo Arilje,"Žitarice, pekarstvo i konditorska industrija",Potrebna provera,Srednji,"Naziv ili lokacija ukazuju na moguću agro/prehrambenu delatnost, ali lista ne navodi šifru delatnosti.",user_provided_reference_list_classified_by_name
INFOSYS,Infosys referentna lista — agro i prehrambene firme,18,1,Bajina Bašta,FRIGO BRACA MITROVIC,"Voće, povrće i hladnjače",Jasno iz naziva,Visok,Eksplicitna agro/prehrambena odrednica u nazivu ili prepoznatljiv sektor.,user_provided_reference_list_classified_by_name
INFOSYS,Infosys referentna lista — agro i prehrambene firme,20,1,Bajina Bašta,MLEKARA SPASOJEVIC DOO,Mlekarstvo,Jasno iz naziva,Visok,Eksplicitna agro/prehrambena odrednica u nazivu ili prepoznatljiv sektor.,user_provided_reference_list_classified_by_name
INFOSYS,Infosys referentna lista — agro i prehrambene firme,25,1,Banatsko Novo Selo,AS-AGRO 99 DOO,Poljoprivreda i kooperative,Jasno iz naziva,Visok,Eksplicitna agro/prehrambena odrednica u nazivu ili prepoznatljiv sektor.,user_provided_reference_list_classified_by_name
INFOSYS,Infosys referentna lista — agro i prehrambene firme,35,1,Belušić,VINEX GROZD DOO REKOVAC,"Vino, pivo i ostala pića",Jasno iz naziva,Srednji,Eksplicitna agro/prehrambena odrednica u nazivu ili prepoznatljiv sektor.,user_provided_reference_list_classified_by_name
INFOSYS,Infosys referentna lista — agro i prehrambene firme,43,1,Beograd,ALLIANCE ONE TOBACCO DOO,Duvan,Jasno iz naziva,Visok,Eksplicitna agro/prehrambena odrednica u nazivu ili prepoznatljiv sektor.,user_provided_reference_list_classified_by_name
INFOSYS,Infosys referentna lista — agro i prehrambene firme,49,1,Beograd,BALTASAR VINO DOO BEOGRAD,"Vino, pivo i ostala pića",Jasno iz naziva,Srednji,Eksplicitna agro/prehrambena odrednica u nazivu ili prepoznatljiv sektor.,user_provided_reference_list_classified_by_name
INFOSYS,Infosys referentna lista — agro i prehrambene firme,62,1,Beograd,DOLINA GRUZE BEOGRAD,"Vino, pivo i ostala pića",Potrebna provera,Srednji,"Naziv ili lokacija ukazuju na moguću agro/prehrambenu delatnost, ali lista ne navodi šifru delatnosti.",user_provided_reference_list_classified_by_name
INFOSYS,Infosys referentna lista — agro i prehrambene firme,65,1,Beograd,DRUSTVO ZA ZASTITU BILJA SRBIJE,Instituti i strukovne organizacije,Jasno iz naziva,Nizak,Eksplicitna agro/prehrambena odrednica u nazivu ili prepoznatljiv sektor.,user_provided_reference_list_classified_by_name
INFOSYS,Infosys referentna lista — agro i prehrambene firme,110,1,Beograd,NATURALIST DOO BEOGRAD,Opšta prehrambena industrija,Potrebna provera,Srednji,"Naziv ili lokacija ukazuju na moguću agro/prehrambenu delatnost, ali lista ne navodi šifru delatnosti.",user_provided_reference_list_classified_by_name
INFOSYS,Infosys referentna lista — agro i prehrambene firme,158,1,Beograd,ZLATIBORAC DOO BEOGRAD,Meso i prerada mesa,Jasno iz naziva,Srednji,Eksplicitna agro/prehrambena odrednica u nazivu ili prepoznatljiv sektor.,user_provided_reference_list_classified_by_name
INFOSYS,Infosys referentna lista — agro i prehrambene firme,165,1,Čačak,DESSERT,"Žitarice, pekarstvo i konditorska industrija",Jasno iz naziva,Srednji,Eksplicitna agro/prehrambena odrednica u nazivu ili prepoznatljiv sektor.,user_provided_reference_list_classified_by_name
INFOSYS,Infosys referentna lista — agro i prehrambene firme,167,1,Čačak,4 SOMUNA,"Žitarice, pekarstvo i konditorska industrija",Jasno iz naziva,Srednji,Eksplicitna agro/prehrambena odrednica u nazivu ili prepoznatljiv sektor.,user_provided_reference_list_classified_by_name
INFOSYS,Infosys referentna lista — agro i prehrambene firme,177,1,Čačak,AGROMEHANIZACIJA MICOVIC,Agro-inputi i mehanizacija,Jasno iz naziva,Nizak,Eksplicitna agro/prehrambena odrednica u nazivu ili prepoznatljiv sektor.,user_provided_reference_list_classified_by_name
INFOSYS,Infosys referentna lista — agro i prehrambene firme,192,1,Čačak,BIO MRVICA DOO CACAK,"Žitarice, pekarstvo i konditorska industrija",Jasno iz naziva,Srednji,Eksplicitna agro/prehrambena odrednica u nazivu ili prepoznatljiv sektor.,user_provided_reference_list_classified_by_name
INFOSYS,Infosys referentna lista — agro i prehrambene firme,193,1,Čačak,BIOPRODUKT-PROIZVODNJA DOO CACAK,Opšta prehrambena industrija,Jasno iz naziva,Srednji,Eksplicitna agro/prehrambena odrednica u nazivu ili prepoznatljiv sektor.,user_provided_reference_list_classified_by_name
INFOSYS,Infosys referentna lista — agro i prehrambene firme,207,1,Čačak,Chips Way d.o.o.,Opšta prehrambena industrija,Jasno iz naziva,Srednji,Eksplicitna agro/prehrambena odrednica u nazivu ili prepoznatljiv sektor.,user_provided_reference_list_classified_by_name
INFOSYS,Infosys referentna lista — agro i prehrambene firme,212,1,Čačak,DOO AGROHEMIJA CACAK,Agro-inputi i mehanizacija,Jasno iz naziva,Nizak,Eksplicitna agro/prehrambena odrednica u nazivu ili prepoznatljiv sektor.,user_provided_reference_list_classified_by_name
INFOSYS,Infosys referentna lista — agro i prehrambene firme,224,1,Čačak,"DOO MTM SIRELA CACAK, PRELJINA",Mlekarstvo,Jasno iz naziva,Visok,Eksplicitna agro/prehrambena odrednica u nazivu ili prepoznatljiv sektor.,user_provided_reference_list_classified_by_name
INFOSYS,Infosys referentna lista — agro i prehrambene firme,243,1,Čačak,EUROFISH DOO CACAK,"Stočarstvo, ribarstvo i veterina",Jasno iz naziva,Nizak,Eksplicitna agro/prehrambena odrednica u nazivu ili prepoznatljiv sektor.,user_provided_reference_list_classified_by_name
INFOSYS,Infosys referentna lista — agro i prehrambene firme,263,2,Čačak,INSTITUT ZA VOCARSTVO,Instituti i strukovne organizacije,Jasno iz naziva,Nizak,Eksplicitna agro/prehrambena odrednica u nazivu ili prepoznatljiv sektor.,user_provided_reference_list_classified_by_name
INFOSYS,Infosys referentna lista — agro i prehrambene firme,265,2,Čačak,INTERFOOD 60 DOO CACAK,Opšta prehrambena industrija,Jasno iz naziva,Srednji,Eksplicitna agro/prehrambena odrednica u nazivu ili prepoznatljiv sektor.,user_provided_reference_list_classified_by_name
INFOSYS,Infosys referentna lista — agro i prehrambene firme,275,2,Čačak,KOBASICARSKA RADNJA-MESARA 2M,Meso i prerada mesa,Jasno iz naziva,Srednji,Eksplicitna agro/prehrambena odrednica u nazivu ili prepoznatljiv sektor.,user_provided_reference_list_classified_by_name
INFOSYS,Infosys referentna lista — agro i prehrambene firme,291,2,Čačak,MILICA KIZIC PR PEKARA VUCKOVIC 55,"Žitarice, pekarstvo i konditorska industrija",Jasno iz naziva,Srednji,Eksplicitna agro/prehrambena odrednica u nazivu ili prepoznatljiv sektor.,user_provided_reference_list_classified_by_name
INFOSYS,Infosys referentna lista — agro i prehrambene firme,292,2,Čačak,MILKOM TRADE DOO CACAK,Mlekarstvo,Jasno iz naziva,Visok,Eksplicitna agro/prehrambena odrednica u nazivu ili prepoznatljiv sektor.,user_provided_reference_list_classified_by_name
INFOSYS,Infosys referentna lista — agro i prehrambene firme,296,2,Čačak,NAPREDAK AGP DOO,Poljoprivreda i kooperative,Jasno iz naziva,Visok,Eksplicitna agro/prehrambena odrednica u nazivu ili prepoznatljiv sektor.,user_provided_reference_list_classified_by_name
INFOSYS,Infosys referentna lista — agro i prehrambene firme,304,2,Čačak,PEKARA DUKAT MIROSLAV POLEDICA PR CACAK,"Žitarice, pekarstvo i konditorska industrija",Jasno iz naziva,Srednji,Eksplicitna agro/prehrambena odrednica u nazivu ili prepoznatljiv sektor.,user_provided_reference_list_classified_by_name
INFOSYS,Infosys referentna lista — agro i prehrambene firme,305,2,Čačak,PEKARA PONS DOO  CACAK,"Žitarice, pekarstvo i konditorska industrija",Jasno iz naziva,Srednji,Eksplicitna agro/prehrambena odrednica u nazivu ili prepoznatljiv sektor.,user_provided_reference_list_classified_by_name
INFOSYS,Infosys referentna lista — agro i prehrambene firme,334,2,Čačak,SZR PEKARA BOJAN Bojan Kaplarevic PR,"Žitarice, pekarstvo i konditorska industrija",Jasno iz naziva,Srednji,Eksplicitna agro/prehrambena odrednica u nazivu ili prepoznatljiv sektor.,user_provided_reference_list_classified_by_name
INFOSYS,Infosys referentna lista — agro i prehrambene firme,356,2,Čačak,Vertigo Brewery DOO,"Vino, pivo i ostala pića",Jasno iz naziva,Srednji,Eksplicitna agro/prehrambena odrednica u nazivu ili prepoznatljiv sektor.,user_provided_reference_list_classified_by_name
INFOSYS,Infosys referentna lista — agro i prehrambene firme,373,2,Čajetina,IM ZLATIBOR DOO CAJETINA,Meso i prerada mesa,Jasno iz naziva,Srednji,Eksplicitna agro/prehrambena odrednica u nazivu ili prepoznatljiv sektor.,user_provided_reference_list_classified_by_name
INFOSYS,Infosys referentna lista — agro i prehrambene firme,378,2,Čajetina,MIROSLAV TERZIC PR MIX FRUIT PLUS,"Voće, povrće i hladnjače",Jasno iz naziva,Visok,Eksplicitna agro/prehrambena odrednica u nazivu ili prepoznatljiv sektor.,user_provided_reference_list_classified_by_name
INFOSYS,Infosys referentna lista — agro i prehrambene firme,387,2,Čajetina,ZLATIBORSKI EKO AGRAR DOO,Poljoprivreda i kooperative,Jasno iz naziva,Visok,Eksplicitna agro/prehrambena odrednica u nazivu ili prepoznatljiv sektor.,user_provided_reference_list_classified_by_name
INFOSYS,Infosys referentna lista — agro i prehrambene firme,388,2,Crvenka,La Natura lifestyle Adria doo,Opšta prehrambena industrija,Jasno iz naziva,Srednji,Eksplicitna agro/prehrambena odrednica u nazivu ili prepoznatljiv sektor.,user_provided_reference_list_classified_by_name
INFOSYS,Infosys referentna lista — agro i prehrambene firme,391,2,Divostin,PREDUZECE MIGROS DOO,Opšta prehrambena industrija,Potrebna provera,Srednji,"Naziv ili lokacija ukazuju na moguću agro/prehrambenu delatnost, ali lista ne navodi šifru delatnosti.",user_provided_reference_list_classified_by_name
INFOSYS,Infosys referentna lista — agro i prehrambene firme,401,2,Gornji Milanovac,MLEKARA SUVOBOR DOO PRANJANI,Mlekarstvo,Jasno iz naziva,Visok,Eksplicitna agro/prehrambena odrednica u nazivu ili prepoznatljiv sektor.,user_provided_reference_list_classified_by_name
INFOSYS,Infosys referentna lista — agro i prehrambene firme,415,2,Guča,PEKARA - HLEB,"Žitarice, pekarstvo i konditorska industrija",Jasno iz naziva,Srednji,Eksplicitna agro/prehrambena odrednica u nazivu ili prepoznatljiv sektor.,user_provided_reference_list_classified_by_name
INFOSYS,Infosys referentna lista — agro i prehrambene firme,429,2,Ivanjica,ZITOPROMET DOO IVANJICA,"Žitarice, pekarstvo i konditorska industrija",Jasno iz naziva,Srednji,Eksplicitna agro/prehrambena odrednica u nazivu ili prepoznatljiv sektor.,user_provided_reference_list_classified_by_name
INFOSYS,Infosys referentna lista — agro i prehrambene firme,436,2,Knić,VIN FAMILY DOO,"Vino, pivo i ostala pića",Jasno iz naziva,Srednji,Eksplicitna agro/prehrambena odrednica u nazivu ili prepoznatljiv sektor.,user_provided_reference_list_classified_by_name
INFOSYS,Infosys referentna lista — agro i prehrambene firme,441,2,Kosjerić,DOO SOFRONIJEVIC KOSJERIC,Poljoprivreda i kooperative,Potrebna provera,Visok,"Naziv ili lokacija ukazuju na moguću agro/prehrambenu delatnost, ali lista ne navodi šifru delatnosti.",user_provided_reference_list_classified_by_name
INFOSYS,Infosys referentna lista — agro i prehrambene firme,452,2,Kosjerić,PPPUP MALINA PROIZVOD DOO,"Voće, povrće i hladnjače",Jasno iz naziva,Visok,Eksplicitna agro/prehrambena odrednica u nazivu ili prepoznatljiv sektor.,user_provided_reference_list_classified_by_name
INFOSYS,Infosys referentna lista — agro i prehrambene firme,455,2,Kotraža,AGRO KOOPERATIVA DRAGACEVO d.o.o. Beli K,Poljoprivreda i kooperative,Jasno iz naziva,Visok,Eksplicitna agro/prehrambena odrednica u nazivu ili prepoznatljiv sektor.,user_provided_reference_list_classified_by_name
INFOSYS,Infosys referentna lista — agro i prehrambene firme,457,2,Kotraža,FRIGOMIL DOO KOTRAZA,"Voće, povrće i hladnjače",Jasno iz naziva,Visok,Eksplicitna agro/prehrambena odrednica u nazivu ili prepoznatljiv sektor.,user_provided_reference_list_classified_by_name
INFOSYS,Infosys referentna lista — agro i prehrambene firme,459,2,Kovin,SOF DOO KOVIN,Poljoprivreda i kooperative,Potrebna provera,Visok,"Naziv ili lokacija ukazuju na moguću agro/prehrambenu delatnost, ali lista ne navodi šifru delatnosti.",user_provided_reference_list_classified_by_name
INFOSYS,Infosys referentna lista — agro i prehrambene firme,503,2,Kragujevac,MEGGLE SRBIJA DOO,Mlekarstvo,Jasno iz naziva,Visok,Eksplicitna agro/prehrambena odrednica u nazivu ili prepoznatljiv sektor.,user_provided_reference_list_classified_by_name
INFOSYS,Infosys referentna lista — agro i prehrambene firme,524,3,Kragujevac,POLJOMARKET DOO,Agro-inputi i mehanizacija,Jasno iz naziva,Nizak,Eksplicitna agro/prehrambena odrednica u nazivu ili prepoznatljiv sektor.,user_provided_reference_list_classified_by_name
INFOSYS,Infosys referentna lista — agro i prehrambene firme,541,3,Kragujevac,SPR KLAS JOVICA NIKOLIC PREDUZETNIK,"Žitarice, pekarstvo i konditorska industrija",Jasno iz naziva,Srednji,Eksplicitna agro/prehrambena odrednica u nazivu ili prepoznatljiv sektor.,user_provided_reference_list_classified_by_name
INFOSYS,Infosys referentna lista — agro i prehrambene firme,543,3,Kragujevac,SZR MLEKAR KUC MIJAT PREDUZETNIK,Mlekarstvo,Jasno iz naziva,Visok,Eksplicitna agro/prehrambena odrednica u nazivu ili prepoznatljiv sektor.,user_provided_reference_list_classified_by_name
INFOSYS,Infosys referentna lista — agro i prehrambene firme,576,3,Krnjača,VETERINARSKI INSTITUT,"Stočarstvo, ribarstvo i veterina",Jasno iz naziva,Nizak,Eksplicitna agro/prehrambena odrednica u nazivu ili prepoznatljiv sektor.,user_provided_reference_list_classified_by_name
INFOSYS,Infosys referentna lista — agro i prehrambene firme,578,3,Krnjača,GOURMET CHEF DOO BEOGRAD,Opšta prehrambena industrija,Jasno iz naziva,Srednji,Eksplicitna agro/prehrambena odrednica u nazivu ili prepoznatljiv sektor.,user_provided_reference_list_classified_by_name
INFOSYS,Infosys referentna lista — agro i prehrambene firme,581,3,Lađevci,NID DOO TAVNIK,"Voće, povrće i hladnjače",Potrebna provera,Visok,"Naziv ili lokacija ukazuju na moguću agro/prehrambenu delatnost, ali lista ne navodi šifru delatnosti.",user_provided_reference_list_classified_by_name
INFOSYS,Infosys referentna lista — agro i prehrambene firme,583,3,Leštane,MACROBIOTIC PROM DOO,Opšta prehrambena industrija,Jasno iz naziva,Srednji,Eksplicitna agro/prehrambena odrednica u nazivu ili prepoznatljiv sektor.,user_provided_reference_list_classified_by_name
INFOSYS,Infosys referentna lista — agro i prehrambene firme,593,3,Lučani,PREDUZEĆE DELIKATES OD LUČANI,Meso i prerada mesa,Jasno iz naziva,Srednji,Eksplicitna agro/prehrambena odrednica u nazivu ili prepoznatljiv sektor.,user_provided_reference_list_classified_by_name
INFOSYS,Infosys referentna lista — agro i prehrambene firme,595,3,Lučani,TRGOVINSKA RADNJA VETO-PRODUKT LUCANI,"Stočarstvo, ribarstvo i veterina",Jasno iz naziva,Nizak,Eksplicitna agro/prehrambena odrednica u nazivu ili prepoznatljiv sektor.,user_provided_reference_list_classified_by_name
INFOSYS,Infosys referentna lista — agro i prehrambene firme,598,3,Mačkat,PRSUTAR STOJANOVIC GLISA PR MACKAT,Meso i prerada mesa,Jasno iz naziva,Srednji,Eksplicitna agro/prehrambena odrednica u nazivu ili prepoznatljiv sektor.,user_provided_reference_list_classified_by_name
INFOSYS,Infosys referentna lista — agro i prehrambene firme,601,3,Mačkat,ZITOMLIN PLUS KRIVA REKA,"Žitarice, pekarstvo i konditorska industrija",Jasno iz naziva,Srednji,Eksplicitna agro/prehrambena odrednica u nazivu ili prepoznatljiv sektor.,user_provided_reference_list_classified_by_name
INFOSYS,Infosys referentna lista — agro i prehrambene firme,602,3,Milićevo Selo,MASTER FRUITS d.o.o. Beograd,"Voće, povrće i hladnjače",Jasno iz naziva,Visok,Eksplicitna agro/prehrambena odrednica u nazivu ili prepoznatljiv sektor.,user_provided_reference_list_classified_by_name
INFOSYS,Infosys referentna lista — agro i prehrambene firme,603,3,Milićevo Selo,SMICOM DOO POZEGA,"Voće, povrće i hladnjače",Potrebna provera,Visok,"Naziv ili lokacija ukazuju na moguću agro/prehrambenu delatnost, ali lista ne navodi šifru delatnosti.",user_provided_reference_list_classified_by_name
INFOSYS,Infosys referentna lista — agro i prehrambene firme,607,3,Mrčajevci,DOO AGRO PREMIJA,Poljoprivreda i kooperative,Jasno iz naziva,Visok,Eksplicitna agro/prehrambena odrednica u nazivu ili prepoznatljiv sektor.,user_provided_reference_list_classified_by_name
INFOSYS,Infosys referentna lista — agro i prehrambene firme,616,3,Novi Beograd,AGRORID DOO BEOGRAD,Agro-inputi i mehanizacija,Jasno iz naziva,Nizak,Eksplicitna agro/prehrambena odrednica u nazivu ili prepoznatljiv sektor.,user_provided_reference_list_classified_by_name
INFOSYS,Infosys referentna lista — agro i prehrambene firme,637,3,Novi Beograd,NAUCNI INSTITUT ZA VETERINARSTVO SRBIJE,"Stočarstvo, ribarstvo i veterina",Jasno iz naziva,Nizak,Eksplicitna agro/prehrambena odrednica u nazivu ili prepoznatljiv sektor.,user_provided_reference_list_classified_by_name
INFOSYS,Infosys referentna lista — agro i prehrambene firme,640,3,Novi Beograd,PROBAR FRUIT DOO BEOGRAD,"Voće, povrće i hladnjače",Jasno iz naziva,Visok,Eksplicitna agro/prehrambena odrednica u nazivu ili prepoznatljiv sektor.,user_provided_reference_list_classified_by_name
INFOSYS,Infosys referentna lista — agro i prehrambene firme,650,3,Novi Sad,Agrostadt d.o.o. Rumenka,Poljoprivreda i kooperative,Jasno iz naziva,Visok,Eksplicitna agro/prehrambena odrednica u nazivu ili prepoznatljiv sektor.,user_provided_reference_list_classified_by_name
INFOSYS,Infosys referentna lista — agro i prehrambene firme,656,3,Novi Sad,TIMAC AGRO BALKANS DOO,Agro-inputi i mehanizacija,Jasno iz naziva,Nizak,Eksplicitna agro/prehrambena odrednica u nazivu ili prepoznatljiv sektor.,user_provided_reference_list_classified_by_name
INFOSYS,Infosys referentna lista — agro i prehrambene firme,665,3,Pančevo,Wellgreen d.o.o.,Poljoprivreda i kooperative,Potrebna provera,Visok,"Naziv ili lokacija ukazuju na moguću agro/prehrambenu delatnost, ali lista ne navodi šifru delatnosti.",user_provided_reference_list_classified_by_name
INFOSYS,Infosys referentna lista — agro i prehrambene firme,670,3,Požega,"""LATONA"" DOO","Voće, povrće i hladnjače",Potrebna provera,Visok,"Naziv ili lokacija ukazuju na moguću agro/prehrambenu delatnost, ali lista ne navodi šifru delatnosti.",user_provided_reference_list_classified_by_name
INFOSYS,Infosys referentna lista — agro i prehrambene firme,674,3,Požega,AGRONOM FIT DOO POZEGA,Poljoprivreda i kooperative,Jasno iz naziva,Visok,Eksplicitna agro/prehrambena odrednica u nazivu ili prepoznatljiv sektor.,user_provided_reference_list_classified_by_name
INFOSYS,Infosys referentna lista — agro i prehrambene firme,679,3,Požega,"DRIM DOO POZEGA, RASNA","Voće, povrće i hladnjače",Potrebna provera,Visok,"Naziv ili lokacija ukazuju na moguću agro/prehrambenu delatnost, ali lista ne navodi šifru delatnosti.",user_provided_reference_list_classified_by_name
INFOSYS,Infosys referentna lista — agro i prehrambene firme,680,3,Požega,FRIGO -PAUN DOO POZEGA,"Voće, povrće i hladnjače",Jasno iz naziva,Visok,Eksplicitna agro/prehrambena odrednica u nazivu ili prepoznatljiv sektor.,user_provided_reference_list_classified_by_name
INFOSYS,Infosys referentna lista — agro i prehrambene firme,691,3,Požega,LADJEVAC DONJA DOBRINJA,"Voće, povrće i hladnjače",Potrebna provera,Visok,"Naziv ili lokacija ukazuju na moguću agro/prehrambenu delatnost, ali lista ne navodi šifru delatnosti.",user_provided_reference_list_classified_by_name
INFOSYS,Infosys referentna lista — agro i prehrambene firme,692,3,Požega,MAGIC BERRY FRUITS D.O.O.,"Voće, povrće i hladnjače",Jasno iz naziva,Visok,Eksplicitna agro/prehrambena odrednica u nazivu ili prepoznatljiv sektor.,user_provided_reference_list_classified_by_name
INFOSYS,Infosys referentna lista — agro i prehrambene firme,698,3,Požega,PEKAR STARCEVIC 2 POZEGA,"Žitarice, pekarstvo i konditorska industrija",Jasno iz naziva,Srednji,Eksplicitna agro/prehrambena odrednica u nazivu ili prepoznatljiv sektor.,user_provided_reference_list_classified_by_name
INFOSYS,Infosys referentna lista — agro i prehrambene firme,699,3,Požega,"PEKARA IVANOVIC IVANOVIC MIRA PR, POZEGA","Žitarice, pekarstvo i konditorska industrija",Jasno iz naziva,Srednji,Eksplicitna agro/prehrambena odrednica u nazivu ili prepoznatljiv sektor.,user_provided_reference_list_classified_by_name
INFOSYS,Infosys referentna lista — agro i prehrambene firme,702,3,Požega,PREHRANA DOO POZEGA,Opšta prehrambena industrija,Jasno iz naziva,Srednji,Eksplicitna agro/prehrambena odrednica u nazivu ili prepoznatljiv sektor.,user_provided_reference_list_classified_by_name
INFOSYS,Infosys referentna lista — agro i prehrambene firme,710,3,Požega,STKPR AGRONOM ZORAN VASILJEVIC PR,Poljoprivreda i kooperative,Jasno iz naziva,Visok,Eksplicitna agro/prehrambena odrednica u nazivu ili prepoznatljiv sektor.,user_provided_reference_list_classified_by_name
INFOSYS,Infosys referentna lista — agro i prehrambene firme,718,3,Požega,ZRNO M MARICIC SNEZANA PR,"Žitarice, pekarstvo i konditorska industrija",Jasno iz naziva,Srednji,Eksplicitna agro/prehrambena odrednica u nazivu ili prepoznatljiv sektor.,user_provided_reference_list_classified_by_name
INFOSYS,Infosys referentna lista — agro i prehrambene firme,719,3,Požega,ZANA DJURIC PR MRVICA ARILJE,"Žitarice, pekarstvo i konditorska industrija",Potrebna provera,Srednji,"Naziv ili lokacija ukazuju na moguću agro/prehrambenu delatnost, ali lista ne navodi šifru delatnosti.",user_provided_reference_list_classified_by_name
INFOSYS,Infosys referentna lista — agro i prehrambene firme,727,3,Priboj,PEKARA DEJO 1978 PRIBOJ,"Žitarice, pekarstvo i konditorska industrija",Jasno iz naziva,Srednji,Eksplicitna agro/prehrambena odrednica u nazivu ili prepoznatljiv sektor.,user_provided_reference_list_classified_by_name
INFOSYS,Infosys referentna lista — agro i prehrambene firme,735,4,Prijepolje,Lim Natura 2020 doo,Opšta prehrambena industrija,Potrebna provera,Srednji,"Naziv ili lokacija ukazuju na moguću agro/prehrambenu delatnost, ali lista ne navodi šifru delatnosti.",user_provided_reference_list_classified_by_name
INFOSYS,Infosys referentna lista — agro i prehrambene firme,741,4,Prijevor,DOO FILOS PRIJEVOR,"Voće, povrće i hladnjače",Potrebna provera,Visok,"Naziv ili lokacija ukazuju na moguću agro/prehrambenu delatnost, ali lista ne navodi šifru delatnosti.",user_provided_reference_list_classified_by_name
INFOSYS,Infosys referentna lista — agro i prehrambene firme,743,4,Prijevor,VESNA GLISIC-JOJIC PR FINESA V FRUIT,"Voće, povrće i hladnjače",Jasno iz naziva,Visok,Eksplicitna agro/prehrambena odrednica u nazivu ili prepoznatljiv sektor.,user_provided_reference_list_classified_by_name
INFOSYS,Infosys referentna lista — agro i prehrambene firme,745,4,Rogačica,DODIC d.o.o. ROGACICA,"Voće, povrće i hladnjače",Potrebna provera,Visok,"Naziv ili lokacija ukazuju na moguću agro/prehrambenu delatnost, ali lista ne navodi šifru delatnosti.",user_provided_reference_list_classified_by_name
INFOSYS,Infosys referentna lista — agro i prehrambene firme,748,4,Rupeljevo,SIROGOJNO CO DOO,"Voće, povrće i hladnjače",Jasno iz naziva,Visok,Eksplicitna agro/prehrambena odrednica u nazivu ili prepoznatljiv sektor.,user_provided_reference_list_classified_by_name
INFOSYS,Infosys referentna lista — agro i prehrambene firme,753,4,Sevojno,FRIGO PREHRANA,"Voće, povrće i hladnjače",Jasno iz naziva,Visok,Eksplicitna agro/prehrambena odrednica u nazivu ili prepoznatljiv sektor.,user_provided_reference_list_classified_by_name
INFOSYS,Infosys referentna lista — agro i prehrambene firme,773,4,Sjenica,MLEKARA FASS DOO SJENICA,Mlekarstvo,Jasno iz naziva,Visok,Eksplicitna agro/prehrambena odrednica u nazivu ili prepoznatljiv sektor.,user_provided_reference_list_classified_by_name
INFOSYS,Infosys referentna lista — agro i prehrambene firme,776,4,Šljivovica,PEGO OD SLJIVOVICA,"Žitarice, pekarstvo i konditorska industrija",Potrebna provera,Srednji,"Naziv ili lokacija ukazuju na moguću agro/prehrambenu delatnost, ali lista ne navodi šifru delatnosti.",user_provided_reference_list_classified_by_name
INFOSYS,Infosys referentna lista — agro i prehrambene firme,777,4,Smederevo,MALUS JABUKA DOO UDOVICE,"Voće, povrće i hladnjače",Jasno iz naziva,Visok,Eksplicitna agro/prehrambena odrednica u nazivu ili prepoznatljiv sektor.,user_provided_reference_list_classified_by_name
INFOSYS,Infosys referentna lista — agro i prehrambene firme,778,4,Smederevo,ZMAJ  DOO SMEDEREVO,Agro-inputi i mehanizacija,Jasno iz naziva,Nizak,Eksplicitna agro/prehrambena odrednica u nazivu ili prepoznatljiv sektor.,user_provided_reference_list_classified_by_name
INFOSYS,Infosys referentna lista — agro i prehrambene firme,786,4,Trbušani,EWES EUROPE EAST DOO,"Stočarstvo, ribarstvo i veterina",Jasno iz naziva,Nizak,Eksplicitna agro/prehrambena odrednica u nazivu ili prepoznatljiv sektor.,user_provided_reference_list_classified_by_name
INFOSYS,Infosys referentna lista — agro i prehrambene firme,790,4,Trstenik,SNN DOO ALEKSANDROVAC,"Vino, pivo i ostala pića",Potrebna provera,Srednji,"Naziv ili lokacija ukazuju na moguću agro/prehrambenu delatnost, ali lista ne navodi šifru delatnosti.",user_provided_reference_list_classified_by_name
INFOSYS,Infosys referentna lista — agro i prehrambene firme,801,4,Užice,AGRO-SUNCOKRET DOO UZICE,Poljoprivreda i kooperative,Jasno iz naziva,Visok,Eksplicitna agro/prehrambena odrednica u nazivu ili prepoznatljiv sektor.,user_provided_reference_list_classified_by_name
INFOSYS,Infosys referentna lista — agro i prehrambene firme,835,4,Užice,GORAN COSIC PR COSIC FRIGO,"Voće, povrće i hladnjače",Jasno iz naziva,Visok,Eksplicitna agro/prehrambena odrednica u nazivu ili prepoznatljiv sektor.,user_provided_reference_list_classified_by_name
INFOSYS,Infosys referentna lista — agro i prehrambene firme,863,4,Užice,NOVA PEKARA DOO,"Žitarice, pekarstvo i konditorska industrija",Jasno iz naziva,Srednji,Eksplicitna agro/prehrambena odrednica u nazivu ili prepoznatljiv sektor.,user_provided_reference_list_classified_by_name
INFOSYS,Infosys referentna lista — agro i prehrambene firme,870,4,Užice,PEKARSKA RADIONICA PEKAR STARCEVIC UZICE,"Žitarice, pekarstvo i konditorska industrija",Jasno iz naziva,Srednji,Eksplicitna agro/prehrambena odrednica u nazivu ili prepoznatljiv sektor.,user_provided_reference_list_classified_by_name
INFOSYS,Infosys referentna lista — agro i prehrambene firme,871,4,Užice,PEKARSKO TRGOVINSKA RADNJA JELOVA GORA,"Žitarice, pekarstvo i konditorska industrija",Jasno iz naziva,Srednji,Eksplicitna agro/prehrambena odrednica u nazivu ili prepoznatljiv sektor.,user_provided_reference_list_classified_by_name
INFOSYS,Infosys referentna lista — agro i prehrambene firme,920,4,Bujaci,WINE NET DOO BUJACIĆ,"Vino, pivo i ostala pića",Jasno iz naziva,Srednji,Eksplicitna agro/prehrambena odrednica u nazivu ili prepoznatljiv sektor.,user_provided_reference_list_classified_by_name
INFOSYS,Infosys referentna lista — agro i prehrambene firme,966,4,Zemun,VINOMOND DOO BEOGRAD,"Vino, pivo i ostala pića",Jasno iz naziva,Srednji,Eksplicitna agro/prehrambena odrednica u nazivu ili prepoznatljiv sektor.,user_provided_reference_list_classified_by_name
INFOSYS,Infosys referentna lista — agro i prehrambene firme,978,5,Zlatibor,KRALJEVA VODA DOO,"Vino, pivo i ostala pića",Jasno iz naziva,Srednji,Eksplicitna agro/prehrambena odrednica u nazivu ili prepoznatljiv sektor.,user_provided_reference_list_classified_by_name
INFOSYS,Infosys referentna lista — agro i prehrambene firme,980,5,Zlatibor,MARKO SMILJANIC PR MOJA ZLATIBORKA,"Žitarice, pekarstvo i konditorska industrija",Potrebna provera,Srednji,"Naziv ili lokacija ukazuju na moguću agro/prehrambenu delatnost, ali lista ne navodi šifru delatnosti.",user_provided_reference_list_classified_by_name
INFOSYS,Infosys referentna lista — agro i prehrambene firme,981,5,Zlatibor,MASTER FRIGO d.o.o.,"Voće, povrće i hladnjače",Jasno iz naziva,Visok,Eksplicitna agro/prehrambena odrednica u nazivu ili prepoznatljiv sektor.,user_provided_reference_list_classified_by_name
INFOSYS,Infosys referentna lista — agro i prehrambene firme,984,5,Zlatibor,PK ZLATIBOR d.o.o.,Poljoprivreda i kooperative,Jasno iz naziva,Visok,Eksplicitna agro/prehrambena odrednica u nazivu ili prepoznatljiv sektor.,user_provided_reference_list_classified_by_name
INFOSYS,Infosys referentna lista — agro i prehrambene firme,987,5,Zlatibor,RIVAMIL DOO ARILJE,"Voće, povrće i hladnjače",Jasno iz naziva,Visok,Eksplicitna agro/prehrambena odrednica u nazivu ili prepoznatljiv sektor.,user_provided_reference_list_classified_by_name
INFOSYS,Infosys referentna lista — agro i prehrambene firme,988,5,Zlatibor,SMUDJA DOO ZLATIBOR,"Stočarstvo, ribarstvo i veterina",Potrebna provera,Nizak,"Naziv ili lokacija ukazuju na moguću agro/prehrambenu delatnost, ali lista ne navodi šifru delatnosti.",user_provided_reference_list_classified_by_name
INFOSYS,Infosys referentna lista — agro i prehrambene firme,995,5,Zlatibor,VESNA SMILJANIC PR ZLATIBORKA,"Žitarice, pekarstvo i konditorska industrija",Potrebna provera,Srednji,"Naziv ili lokacija ukazuju na moguću agro/prehrambenu delatnost, ali lista ne navodi šifru delatnosti.",user_provided_reference_list_classified_by_name
INFOSYS,Infosys referentna lista — agro i prehrambene firme,1001,5,Žagubica,PASTRMSKI RIBNJAK RM -MLAVA DOO ZAGUBICA,"Stočarstvo, ribarstvo i veterina",Jasno iz naziva,Nizak,Eksplicitna agro/prehrambena odrednica u nazivu ili prepoznatljiv sektor.,user_provided_reference_list_classified_by_name
INFOSYS,Infosys referentna lista — agro i prehrambene firme,1017,5,Pljevlja,ZITOPRODUKT DOO,"Žitarice, pekarstvo i konditorska industrija",Jasno iz naziva,Srednji,Eksplicitna agro/prehrambena odrednica u nazivu ili prepoznatljiv sektor.,user_provided_reference_list_classified_by_name
INFOSYS,Infosys referentna lista — agro i prehrambene firme,1055,5,Srebrenica,"""Master Fruits"" d.o.o. Srebrenica","Voće, povrće i hladnjače",Jasno iz naziva,Visok,Eksplicitna agro/prehrambena odrednica u nazivu ili prepoznatljiv sektor.,user_provided_reference_list_classified_by_name
INFOSYS,Infosys referentna lista — agro i prehrambene firme,1063,5,Zvornik,STUDEN PROM d.o.o,Opšta prehrambena industrija,Potrebna provera,Srednji,"Naziv ili lokacija ukazuju na moguću agro/prehrambenu delatnost, ali lista ne navodi šifru delatnosti.",user_provided_reference_list_classified_by_name
